{"train_loss": 0.05932047963142395, "test_loss": 0.06899907439947128, "meanPixelAcc": 0.0, "_timestamp": 1704487188.747885, "_runtime": 142.0096390247345, "_step": 9, "_wandb": {"runtime": 246}}