{"train_loss": 0.05881127715110779, "test_loss": 0.06911244988441467, "meanPixelAcc": 0.0, "_timestamp": 1704488416.9703941, "predictions": {"_type": "table-file", "sha256": "c2867443a8690b63a36ccc1579e8d927a31232ae327ffdc85ff3b6b97da68d94", "size": 2617, "artifact_path": "wandb-client-artifact://llegq3m2nvibypwalu03knsttcsoiukfzphgjl2cj1n9fadaffgm0ut0z9ecjg2v5f0wqg4s82pk20ot04dgx3p317ghcf4ppx7joe779uc554maffgxf1bw56p63pem:latest/predictions.table.json", "_latest_artifact_path": "wandb-client-artifact://llegq3m2nvibypwalu03knsttcsoiukfzphgjl2cj1n9fadaffgm0ut0z9ecjg2v5f0wqg4s82pk20ot04dgx3p317ghcf4ppx7joe779uc554maffgxf1bw56p63pem:latest/predictions.table.json", "path": "media/table/predictions_9_c2867443a8690b63a36c.table.json", "ncols": 2, "nrows": 100}, "_runtime": 148.11923503875732, "_step": 9, "_wandb": {"runtime": 146}}