{"train_loss": 0.05762815847992897, "test_loss": 0.06941243261098862, "meanPixelAcc": 0.0, "_timestamp": 1704489152.4495091, "predictions": {"_type": "table-file", "sha256": "590ca7d972e1b107f27139726940d6e940488bac159589a8ed42ff0301504cf3", "size": 2617, "artifact_path": "wandb-client-artifact://lv2f2coenupzjalg127spum3snkoilz2tx0ekwz24v6ppjenec47x4sm3jstfpm0ftmnu452qykvkuc28c2u12l9k1orfd2vq14kxw5in5txok3u1xoc32l48rjv75p0:latest/predictions.table.json", "_latest_artifact_path": "wandb-client-artifact://lv2f2coenupzjalg127spum3snkoilz2tx0ekwz24v6ppjenec47x4sm3jstfpm0ftmnu452qykvkuc28c2u12l9k1orfd2vq14kxw5in5txok3u1xoc32l48rjv75p0:latest/predictions.table.json", "path": "media/table/predictions_9_590ca7d972e1b107f271.table.json", "ncols": 2, "nrows": 100}, "_runtime": 221.3875961303711, "_step": 9, "_wandb": {"runtime": 136}}